ABC123,Rojo,Automóvil,Toyota,0,2024-09-18 08:30
XYZ987,Negro,Moto,Honda,0,2024-09-18 09:00
KLM456,Azul,ServicioPublico,Hyundai,1,2024-09-18 10:15
JKL789,Blanco,Automóvil,Ford,0,2024-09-18 07:30
DEF321,Verde,Moto,Suzuki,0,2024-09-18 06:45
MNO654,Gris,ServicioPublico,Chevrolet,1,2024-09-18 09:50
PQR567,Amarillo,Automóvil,Volkswagen,0,2024-09-18 11:00
STU890,Rojo,Moto,Yamaha,0,2024-09-18 07:15
VWX234,Azul,ServicioPublico,Nissan,1,2024-09-18 12:00
YZA345,Blanco,Automóvil,BMW,0,2024-09-18 13:20
BCD567,Negro,Moto,Kawasaki,0,2024-09-18 12:45
EFG890,Gris,ServicioPublico,Mazda,1,2024-09-18 08:10
HIJ234,Azul,Automóvil,Audi,0,2024-09-18 11:50
KLM678,Verde,Moto,Bajaj,0,2024-09-18 06:00
NOP901,Rojo,ServicioPublico,Renault,1,2024-09-18 09:45
QRS123,Blanco,Automóvil,Mercedes,0,2024-09-18 10:30
TUV345,Gris,Moto,Ducati,0,2024-09-18 07:40
WXY678,Azul,ServicioPublico,Toyota,1,2024-09-18 08:50
ZAB901,Negro,Automóvil,Honda,0,2024-09-18 12:10
CDE234,Amarillo,Moto,Suzuki,0,2024-09-18 13:15
FGH567,Gris,ServicioPublico,Chevrolet,1,2024-09-18 06:30
IJK890,Rojo,Automóvil,Tesla,0,2024-09-18 08:25
LMN123,Negro,Moto,Yamaha,0,2024-09-18 09:35
OPQ456,Blanco,ServicioPublico,Kia,1,2024-09-18 11:40
RST789,Azul,Automóvil,Volkswagen,0,2024-09-18 12:50
UVW012,Verde,Moto,Honda,0,2024-09-18 10:15
XYZ345,Gris,ServicioPublico,Ford,1,2024-09-18 07:05
ABC678,Blanco,Automóvil,Nissan,0,2024-09-18 11:25
DEF901,Amarillo,Moto,Bajaj,0,2024-09-18 07:50
GHI234,Rojo,ServicioPublico,Renault,1,2024-09-18 10:45
JKL567,Negro,Automóvil,Chevrolet,0,2024-09-18 13:05
MNO890,Azul,Moto,Kawasaki,0,2024-09-18 08:20
PQR123,Gris,ServicioPublico,Mazda,1,2024-09-18 09:55
STU456,Rojo,Automóvil,Toyota,0,2024-09-18 12:00
VWX789,Verde,Moto,Yamaha,0,2024-09-18 08:40
YZA012,Blanco,ServicioPublico,Hyundai,1,2024-09-18 09:30
BCD345,Azul,Automóvil,Mercedes,0,2024-09-18 13:40
EFG678,Negro,Moto,Suzuki,0,2024-09-18 11:20
HIJ901,Gris,ServicioPublico,Ford,1,2024-09-18 06:25
KLM234,Rojo,Automóvil,BMW,0,2024-09-18 07:15
NOP567,Verde,Moto,Ducati,0,2024-09-18 10:05
QRS890,Blanco,ServicioPublico,Nissan,1,2024-09-18 08:30
TUV012,Azul,Automóvil,Audi,0,2024-09-18 09:00
WXY345,Negro,Moto,Honda,0,2024-09-18 06:55
ZAB678,Amarillo,ServicioPublico,Renault,1,2024-09-18 11:35
CDE901,Gris,Automóvil,Chevrolet,0,2024-09-18 12:25
FGH123,Rojo,Moto,Yamaha,0,2024-09-18 08:45
IJK456,Azul,ServicioPublico,Hyundai,1,2024-09-18 09:10
LMN789,Blanco,Automóvil,Tesla,0,2024-09-18 11:50
OPQ012,Negro,Moto,Kawasaki,0,2024-09-18 08:30
